name,email,age
John Doe,john.doe@example.com,200
John Doe,john.doe@example.com,28
Jane Smith,jane.smith@example.com,34
Alice Johnson,alice.johnson@example.com,22
Bob Brown,bob.brown@example.com,45
Alice Johnson,alice.johnson@example.com,22
Charlie Davis,charlie.davis@example.com,30
Emily Wilson,emily.wilson@example.com,27
Frank Thomas,frank.thomas@example.com,40
Grace Lee,grace.lee@example.com,23
Hannah White,hannah.white@example.com,29
 ,hannah.white@example.com,29
Ian Black,ian.black@example.com,35
